<?xml version="1.0" encoding="UTF-8" standalone="yes"?>
<addon id="plugin.video.tvor" name="Öffentlich Rechtliche" version="1.0.0" provider-name="crwle">
    <requires>
        <import addon="xbmc.python" version="3.0.0" />
        <import addon="script.module.requests" version="2.4.3"/>
    </requires>
    <extension point="xbmc.python.pluginsource" library="addon.py">
        <provides>video</provides>
    </extension>
    <extension point="xbmc.addon.metadata">
        <platform>all</platform>
       <description>TV Streams der Öffentlich Rechtlichen</description>
       <assets>
            <icon>icon.png</icon>
        </assets>
    </extension>
</addon>
