<?xml version="1.0" encoding="UTF-8" standalone="yes"?>
<addon id="repository.crwle" name="crwle repository" version="1.0.0" provider-name="crwle">
    <extension point="xbmc.addon.repository" name="crwle repository">
        <dir>
            <info compressed="false">https://raw.githubusercontent.com/crwle/repository.crwle/main/addons.xml</info>
            <checksum>https://raw.githubusercontent.com/crwle/repository.crwle/main/addons.xml.md5</checksum>
            <datadir zip="true">https://raw.githubusercontent.com/crwle/repository.crwle/master</datadir>
        </dir>
    </extension>
    <extension point="xbmc.addon.metadata">
        <platform>all</platform>
        <assets>
            <icon>icon.png</icon>
        </assets>
    </extension>
</addon>